resid,resn,TIP3P,std_TIP3p,TIP4P,std_TIP4p,TIP4P-Ew,std_TIP4pew,TIP5P,std_TIP5p,,,
1,MET,0.81,0.02,0.67,0.07,1,0.04,0.95,0,,,
2,GLY,0.1,0.01,0.08,0,0.09,0.02,0.12,0.02,,,
3,SER,0.02,0,0,0,0,0,0.04,0,,,
4,ALA,0.04,0.01,0.1,0,0.1,0.01,0.11,0.04,,,
5,ALA,0.03,0.01,0.04,0.01,0.03,0,0.03,0.01,,,
6,LEU,0.03,0,0,0,0,0,0.01,0,,,
7,GLU,0.15,0.01,0.06,0.01,0.08,0.01,0.03,0,,,
8,ILE,0.04,0.01,0.05,0.01,0.03,0.01,0.04,0.01,,,
9,LEU,0.01,0,0.03,0,0.02,0,0.03,0,,,
10,GLY,0.02,0,0,0,0,0,0,0,,,
11,LEU,0.16,0.02,0,0,0,0,0.01,0.01,,,
12,VAL,0.01,0,0.01,0,0.01,0,0,0,,,
13,LEU,0,0,0,0,0,0,0.01,0,,,
14,CYS,0.1,0.02,0,0,0,0,0.03,0,,,
15,LEU,0.18,0,0.01,0,0.01,0,0.06,0,,,
16,VAL,0.02,0,0.01,0,0.01,0,0.02,0,,,
17,GLY,0,0,0,0,0,0,0,0,,,
18,TRP,0.18,0.03,0.01,0,0.01,0,0.06,0,,,
19,GLY,0,0,0,0,0,0,0,0,,,
20,GLY,0,0,0,0,0,0,0,0,,,
21,LEU,0.22,0.06,0.26,0.07,0.21,0.02,0.1,0.01,,,
22,ILE,0.02,0,0.01,0,0.01,0,0.02,0,,,
23,LEU,0.02,0,0.02,0,0.03,0,0.09,0,,,
24,ALA,0,0,0.02,0,0,0,0.11,0.01,,,
25,CYS,0.11,0.02,0.16,0.01,0.17,0.03,0.01,0,,,
26,GLY,0.01,0.01,0.03,0.01,0.03,0,0.01,0,,,
27,LEU,0.11,0.01,0.07,0,0.08,0,0.06,0,,,
28,PRO,0.02,0,0.03,0,0.01,0,0,0,,,
29,MET,0.03,0,0.03,0,0.03,0.01,0.01,0,,,
30,TRP,0.21,0.02,0.31,0.02,0.24,0.04,0.25,0.03,,,
31,GLN,0.02,0,0.08,0.02,0.1,0.01,0.36,0.02,,,
32,VAL,0.1,0.01,0.02,0,0.01,0,0.15,0.01,,,
33,THR,0.06,0.01,0.06,0,0.06,0,0.13,0.03,,,
34,ALA,0.03,0,0.01,0,0.01,0,0.03,0,,,
35,PHE,0.62,0.01,0.48,0.02,0.64,0.08,0.4,0.02,,,
36,LEU,0.15,0.02,0.13,0,0.22,0.01,0.1,0.01,,,
37,ASP,0.89,0.05,0.57,0.02,0.57,0.11,0.71,0.05,,,
38,HSD,0.78,0.04,0.63,0.06,1,0.2,0.44,0.02,,,
39,ASN,0.32,0.06,0.24,0.03,0.32,0.02,0.36,0.01,,,
40,ILE,0.21,0.02,0.18,0.01,0.27,0.04,0.15,0.03,,,
41,VAL,0.3,0.03,0.26,0.04,0.3,0.02,0.29,0.02,,,
42,THR,0.07,0.03,0.09,0,0.08,0.02,0.04,0,,,
43,ALA,0.02,0,0.01,0,0.01,0,0.04,0,,,
44,GLN,0.36,0.02,0.33,0.04,0.45,0.07,0.19,0,,,
45,THR,0.02,0,0.01,0,0.01,0,0.14,0.01,,,
46,THR,0.07,0.01,0.08,0.01,0.1,0.01,0.16,0,,,
47,TRP,0.1,0.01,0.02,0,0.03,0,0.19,0.02,,,
48,LYS,0.48,0.02,0.66,0.04,0.79,0.1,0.76,0.05,,,
49,GLY,0.01,0.01,0,0,0,0,0,0,,,
50,LEU,0.07,0.02,0.09,0.01,0.09,0.01,0.03,0,,,
51,TRP,0.18,0,0.2,0,0.21,0.06,0.09,0.02,,,
52,MET,0.14,0,0.19,0.01,0.18,0.02,0.02,0.01,,,
53,SER,0.11,0,0.07,0,0.07,0.02,0.07,0,,,
54,CYS,0,0,0,0,0,0,0,0,,,
55,VAL,0.12,0.01,0.09,0.01,0.12,0.01,0.06,0.02,,,
56,VAL,0.06,0,0.05,0,0.06,0.01,0.09,0,,,
57,GLN,0.17,0,0.1,0,0.15,0.01,0.2,0.02,,,
58,SER,0.15,0.04,0.14,0.02,0.18,0.01,0.14,0.02,,,
59,THR,0.18,0.03,0.25,0.01,0.19,0,0.21,0.01,,,
60,GLY,0.33,0.05,0.24,0.03,0.29,0.01,0.2,0.04,,,
61,HSD,0.56,0.05,0.34,0.01,0.43,0.03,0.38,0.05,,,
62,MET,0.14,0.01,0.1,0,0.13,0.02,0.17,0.02,,,
63,GLN,0.29,0.03,0.19,0.02,0.21,0,0.15,0.01,,,
64,CYS,0.1,0.01,0.11,0.01,0.16,0,0.09,0.02,,,
65,LYS,0.81,0.04,0.87,0.06,1.29,0.06,0.42,0.01,,,
66,VAL,0.2,0.04,0.16,0.03,0.26,0.06,0.15,0.02,,,
67,TYR,0.02,0,0.15,0.02,0.16,0.01,0.26,0.04,,,
68,ASP,0.49,0.02,0.44,0.05,0.64,0.05,0.27,0.03,,,
69,SER,0.47,0.06,0.33,0.06,0.39,0.03,0.37,0.02,,,
70,VAL,0.18,0.03,0.14,0.01,0.18,0.02,0.3,0.04,,,
71,LEU,0.41,0.06,0.4,0.07,0.62,0.05,0.61,0.14,,,
72,ALA,0.01,0.01,0,0,0,0,0.02,0,,,
73,LEU,0.25,0,0.1,0.02,0.08,0.02,0.21,0.08,,,
74,SER,0.21,0.05,0.11,0,0.15,0,0.2,0.02,,,
75,THR,0.23,0,0.11,0.01,0.17,0.02,0.14,0.01,,,
76,GLU,1.38,0.12,1.34,0.07,1.55,0.1,1.21,0.07,,,
77,VAL,0.01,0,0,0,0,0,0.01,0,,,
78,GLN,0.35,0.05,0.18,0.01,0.25,0.07,0.27,0.04,,,
79,ALA,0.13,0.02,0.05,0,0.08,0.02,0.13,0.02,,,
80,ALA,0.09,0,0,0,0,0,0.09,0.01,,,
81,ARG,0.34,0.02,0.13,0.01,0.16,0.02,0.35,0,,,
82,ALA,0.01,0,0.01,0,0.01,0,0.02,0,,,
83,LEU,0.05,0,0.01,0,0.01,0,0.03,0,,,
84,THR,0.2,0.02,0.1,0.01,0.12,0.02,0.09,0.02,,,
85,VAL,0.01,0,0.03,0,0.03,0,0.02,0,,,
86,SER,0,0,0,0,0,0,0.02,0,,,
87,ALA,0.06,0.01,0,0,0,0,0,0,,,
88,VAL,0.05,0.02,0.04,0.01,0.06,0,0.02,0.01,,,
89,LEU,0.02,0,0.03,0,0.03,0,0.04,0,,,
90,LEU,0,0,0.01,0,0.01,0,0.01,0,,,
91,ALA,0,0,0.03,0,0.03,0,0.01,0,,,
92,PHE,0.1,0,0.01,0,0.01,0,0.04,0,,,
93,VAL,0.01,0,0.01,0,0.01,0,0.02,0,,,
94,ALA,0,0,0,0,0,0,0,0,,,
95,LEU,0.13,0,0,0,0,0,0.15,0,,,
96,PHE,0.02,0,0.03,0,0.03,0,0.03,0,,,
97,VAL,0,0,0.01,0,0.01,0,0,0,,,
98,THR,0,0,0,0,0,0,0,0,,,
99,LEU,0.05,0,0.03,0,0.04,0,0.04,0,,,
100,ALA,0.05,0,0.06,0,0.07,0,0.07,0,,,
101,GLY,0.01,0,0.01,0,0.01,0,0,0,,,
102,ALA,0.05,0,0.04,0.01,0.05,0.01,0.04,0.01,,,
103,GLN,0.47,0.04,0.47,0.02,0.6,0.03,0.43,0,,,
104,CYS,0.07,0.01,0.04,0,0.03,0.02,0.04,0.02,,,
105,THR,0.15,0.02,0.12,0.01,0.2,0.01,0.15,0,,,
106,THR,0.22,0.01,0.19,0.03,0.37,0.03,0.28,0.02,,,
107,CYS,0.17,0.02,0.2,0,0.25,0.02,0.3,0.01,,,
108,VAL,0.09,0.03,0.06,0.01,0.06,0,0.08,0,,,
109,ALA,0.02,0,0.03,0,0.02,0.01,0.04,0.01,,,
110,PRO,0.1,0,0.05,0,0.07,0.01,0.08,0.01,,,
111,GLY,0.15,0.01,0.04,0,0.09,0,0.14,0.02,,,
112,PRO,0.14,0.02,0.17,0.01,0.25,0.05,0.2,0.06,,,
113,ALA,0.01,0,0.01,0,0.01,0,0,0,,,
114,LYS,0.36,0.02,0.49,0.02,0.53,0.05,0.47,0.06,,,
115,ALA,0,0,0.01,0,0.01,0,0.01,0,,,
116,ARG,0.75,0.01,0.66,0.06,0.82,0.06,0.71,0.11,,,
117,VAL,0,0,0,0,0.01,0,0.01,0,,,
118,ALA,0.02,0,0.02,0,0.03,0,0.02,0.01,,,
119,LEU,0.03,0,0.03,0.01,0.03,0,0.08,0.01,,,
120,THR,0.04,0.01,0.04,0.01,0.04,0.02,0.02,0.01,,,
121,GLY,0,0,0,0,0,0,0,0,,,
122,GLY,0,0,0,0,0,0,0,0,,,
123,VAL,0,0,0.02,0,0.02,0,0.01,0,,,
124,LEU,0.01,0,0,0,0,0,0.01,0,,,
125,TYR,0.13,0,0,0,0,0,0.12,0,,,
126,LEU,0,0,0.01,0,0,0,0.01,0,,,
127,PHE,0.02,0,0.01,0,0.01,0,0.02,0,,,
128,CYS,0.03,0,0.02,0.01,0.02,0.01,0,0,,,
129,GLY,0,0,0,0,0,0,0,0,,,
130,LEU,0.02,0,0,0,0.01,0.01,0.02,0,,,
131,LEU,0.02,0,0,0,0,0,0.01,0,,,
132,ALA,0.14,0.01,0,0,0,0,0.03,0,,,
133,LEU,0.01,0,0.01,0,0.01,0.01,0.01,0.01,,,
134,VAL,0.01,0,0.01,0,0.01,0,0.02,0,,,
135,PRO,0.23,0,0.03,0,0.03,0,0.09,0.02,,,
136,LEU,0.06,0.01,0.07,0.03,0.06,0.01,0.06,0.02,,,
137,CYS,0.01,0,0.01,0,0.02,0.01,0.02,0.01,,,
138,TRP,0.36,0.05,0.24,0.03,0.37,0.08,0.42,0.02,,,
139,PHE,0.05,0,0.08,0,0.08,0.01,0.12,0.01,,,
140,ALA,0,0,0,0,0,0,0.04,0.01,,,
141,ASN,0.12,0.01,0.15,0.02,0.2,0.06,0.18,0.02,,,
142,ILE,0.09,0.01,0.01,0,0.03,0.01,0.05,0.01,,,
143,VAL,0.01,0,0,0,0,0,0.07,0.01,,,
144,VAL,0.04,0.01,0.04,0.01,0.07,0.04,0.12,0.02,,,
145,ARG,0.8,0.04,0.92,0.04,1.13,0.09,1.01,0.07,,,
146,GLU,0.99,0.03,1.47,0.16,1.72,0.08,0.76,0.03,,,
147,PHE,0.03,0,0.03,0,0.03,0.01,0.02,0,,,
148,TYR,0.35,0.02,0.31,0.02,0.47,0.06,0.26,0.02,,,
149,ASP,0.7,0.01,0.86,0.04,1.17,0.05,0.54,0.03,,,
150,PRO,0.19,0.07,0.19,0.05,0.19,0.02,0.18,0.03,,,
151,SER,0.16,0.03,0.12,0.02,0.08,0,0.1,0.02,,,
152,VAL,0.11,0.02,0.16,0.03,0.17,0.03,0.06,0.02,,,
153,PRO,0,0,0,0,0,0,0.02,0,,,
154,VAL,0.08,0.02,0.16,0.04,0.14,0.02,0.18,0.01,,,
155,SER,0.11,0.01,0.1,0,0.06,0.02,0.05,0.01,,,
156,GLN,0.03,0,0.15,0.01,0.19,0.02,0.08,0.01,,,
157,LYS,0.56,0.01,0.3,0.03,0.51,0.05,0.5,0.03,,,
158,TYR,0.37,0.05,0.34,0.05,0.37,0.03,0.26,0.01,,,
159,GLU,1.31,0.04,1.32,0.1,1.66,0.04,1.02,0.06,,,
160,LEU,0.09,0.03,0.07,0,0.13,0.02,0.26,0,,,
161,GLY,0,0,0,0,0.01,0,0.02,0,,,
162,ALA,0.06,0.02,0.05,0,0.06,0,0.04,0.01,,,
163,ALA,0,0,0,0,0,0,0.02,0,,,
164,LEU,0,0,0,0,0,0,0.03,0,,,
165,TYR,0.16,0.03,0.14,0.02,0.31,0.03,0.22,0.03,,,
166,ILE,0.02,0,0.02,0,0.02,0,0.08,0.01,,,
167,GLY,0,0,0,0,0,0,0,0,,,
168,TRP,0.01,0,0.01,0,0.02,0.01,0,0,,,
169,ALA,0.01,0,0,0,0,0,0.01,0,,,
170,ALA,0,0,0,0,0,0,0,0,,,
171,THR,0,0,0,0,0,0,0,0,,,
172,ALA,0,0,0.01,0,0.01,0,0.02,0.01,,,
173,LEU,0,0,0.01,0,0.01,0,0.01,0,,,
174,LEU,0.02,0.01,0.02,0.01,0.02,0.01,0,0,,,
175,MET,0.01,0,0.01,0,0.01,0.01,0.01,0,,,
176,VAL,0.01,0,0.01,0,0.01,0,0.02,0.01,,,
177,GLY,0,0,0,0,0,0,0,0,,,
178,GLY,0,0,0,0,0,0,0,0,,,
179,CYS,0,0,0.01,0,0.02,0.01,0.01,0.01,,,
180,LEU,0.04,0.01,0,0,0,0,0,0,,,
181,LEU,0.03,0,0,0,0,0,0,0,,,
182,CYS,0,0,0.01,0,0.01,0,0,0,,,
183,CYS,0,0,0,0,0,0,0,0,,,
184,GLY,0,0,0,0,0,0,0,0,,,
185,ALA,0.01,0,0,0,0.01,0,0.01,0,,,
186,TRP,0.23,0.04,0.21,0.06,0.3,0.08,0.35,0.03,,,
187,VAL,0.06,0.01,0.02,0,0.03,0,0.06,0.01,,,
188,CYS,0.1,0.01,0.04,0.01,0.05,0.01,0.08,0.01,,,
189,THR,0.29,0.04,0.31,0,0.38,0.02,0.24,0.01,,,
190,GLY,0.07,0.01,0.15,0.02,0.15,0.01,0.08,0.01,,,
191,ARG,1.18,0.06,1.22,0,1.5,0.14,1,0.04,,,
192,PRO,0.26,0.04,0.29,0.02,0.31,0.07,0.22,0.02,,,
193,ASP,1.23,0.08,1.02,0.01,1.43,0.05,0.95,0.05,,,
194,LEU,0.2,0,0.24,0.01,0.22,0.03,0.18,0.02,,,
195,SER,0.5,0.04,0.65,0.02,0.86,0.05,0.61,0.02,,,
