resid,resn,PV_ave_TIP3p,PV_std_TIP3p,PV_ave_TIP4p,PV_std_TIP4p,PV_ave_TIP4pew,PV_std_TIP4pew,PV_ave_TIP5p,PV_std_TIP5p
1,MET,0.99,0.03,0.83,0.08,1.06,0.07,1.18,0.10
2,ASN,0.24,0.02,0.21,0.00,0.30,0.05,0.17,0.02
3,ILE,0.02,0.01,0.03,0.00,0.03,0.00,0.06,0.01
4,PHE,0.22,0.04,0.11,0.01,0.23,0.03,0.28,0.04
5,GLU,0.69,0.02,0.67,0.04,0.85,0.04,0.70,0.04
6,MET,0.00,0.00,0.01,0.00,0.00,0.00,0.04,0.00
7,LEU,0.05,0.00,0.00,0.00,0.00,0.00,0.01,0.00
8,ARG,0.91,0.01,0.58,0.03,0.65,0.04,0.88,0.05
9,ILE,0.28,0.02,0.07,0.01,0.11,0.00,0.23,0.06
10,ASP,0.06,0.01,0.17,0.01,0.19,0.02,0.07,0.00
11,GLU,0.87,0.11,0.62,0.05,0.63,0.04,0.53,0.02
12,GLY,0.12,0.01,0.10,0.05,0.12,0.02,0.09,0.02
13,LEU,0.16,0.03,0.12,0.01,0.14,0.02,0.14,0.02
14,ARG,0.91,0.03,0.84,0.05,1.06,0.14,0.73,0.03
15,LEU,0.21,0.03,0.13,0.00,0.17,0.03,0.22,0.00
16,LYS,0.70,0.08,0.69,0.06,0.85,0.11,0.85,0.04
17,ILE,0.04,0.01,0.03,0.00,0.04,0.01,0.01,0.00
18,TYR,0.41,0.04,0.32,0.02,0.54,0.03,0.29,0.01
19,LYS,0.69,0.02,0.99,0.01,1.23,0.05,0.98,0.14
20,ALA,0.14,0.01,0.11,0.01,0.10,0.00,0.06,0.00
21,THR,0.57,0.03,0.39,0.02,0.52,0.05,0.54,0.04
22,GLU,1.24,0.05,0.85,0.05,0.95,0.04,1.09,0.04
23,GLY,0.08,0.01,0.03,0.00,0.01,0.00,0.10,0.01
24,TYR,0.48,0.02,0.44,0.06,0.54,0.08,0.56,0.04
25,TYR,0.18,0.02,0.18,0.04,0.25,0.01,0.04,0.00
26,THR,0.04,0.01,0.11,0.02,0.15,0.00,0.00,0.00
27,ILE,0.00,0.00,0.02,0.00,0.04,0.00,0.00,0.00
28,GLY,0.00,0.00,0.01,0.00,0.00,0.00,0.00,0.00
29,ILE,0.08,0.00,0.09,0.00,0.08,0.01,0.17,0.00
30,GLY,0.15,0.01,0.25,0.02,0.28,0.01,0.09,0.01
31,HSD,0.21,0.02,0.83,0.04,1.04,0.08,0.61,0.03
32,LEU,0.48,0.09,0.42,0.11,0.54,0.04,0.27,0.05
33,LEU,0.02,0.01,0.09,0.01,0.11,0.03,0.02,0.01
34,THR,0.25,0.01,0.22,0.03,0.33,0.05,0.12,0.02
35,LYS,0.86,0.02,0.82,0.05,1.21,0.05,1.21,0.03
36,SER,0.15,0.02,0.17,0.00,0.17,0.01,0.04,0.00
37,PRO,0.12,0.01,0.18,0.01,0.20,0.02,0.15,0.02
38,SER,0.17,0.03,0.20,0.01,0.22,0.01,0.10,0.01
39,LEU,0.14,0.04,0.07,0.03,0.06,0.00,0.05,0.01
40,ASN,0.16,0.00,0.18,0.03,0.27,0.01,0.32,0.05
41,ALA,0.06,0.02,0.06,0.01,0.08,0.02,0.05,0.00
42,ALA,0.03,0.00,0.03,0.00,0.02,0.01,0.00,0.00
43,LYS,0.85,0.04,0.76,0.06,0.95,0.08,1.01,0.02
44,SER,0.11,0.01,0.07,0.03,0.10,0.02,0.10,0.01
45,GLU,0.46,0.06,0.40,0.01,0.45,0.01,0.35,0.04
46,LEU,0.01,0.00,0.01,0.00,0.00,0.00,0.00,0.00
47,ASP,0.03,0.00,0.25,0.02,0.30,0.02,0.13,0.01
48,LYS,0.66,0.04,0.65,0.04,1.00,0.07,0.51,0.04
49,ALA,0.16,0.01,0.12,0.00,0.23,0.03,0.08,0.00
50,ILE,0.11,0.01,0.07,0.01,0.08,0.01,0.07,0.00
51,GLY,0.02,0.00,0.04,0.00,0.04,0.02,0.01,0.00
52,ARG,0.34,0.00,0.26,0.03,0.37,0.03,0.33,0.00
53,ASN,0.33,0.02,0.29,0.04,0.34,0.02,0.23,0.01
54,THR,0.02,0.01,0.06,0.02,0.08,0.01,0.03,0.00
55,ASN,0.51,0.01,0.50,0.05,0.52,0.02,0.48,0.05
56,GLY,0.02,0.01,0.04,0.01,0.04,0.00,0.03,0.00
57,VAL,0.17,0.01,0.12,0.03,0.16,0.04,0.14,0.02
58,ILE,0.05,0.00,0.01,0.00,0.01,0.00,0.00,0.00
59,THR,0.23,0.03,0.28,0.02,0.35,0.06,0.20,0.04
60,LYS,0.65,0.07,1.05,0.02,0.97,0.10,0.85,0.03
61,ASP,0.32,0.00,0.32,0.03,0.40,0.01,0.28,0.02
62,GLU,0.07,0.02,0.04,0.01,0.06,0.00,0.03,0.00
63,ALA,0.00,0.00,0.00,0.00,0.00,0.00,0.02,0.00
64,GLU,0.13,0.00,0.33,0.02,0.34,0.01,0.50,0.02
65,LYS,0.92,0.02,0.75,0.06,0.93,0.16,0.96,0.01
66,LEU,0.03,0.01,0.04,0.00,0.04,0.00,0.10,0.00
67,PHE,0.10,0.01,0.07,0.01,0.07,0.03,0.26,0.04
68,ASN,0.31,0.04,0.17,0.01,0.30,0.02,0.22,0.00
69,GLN,0.71,0.04,1.10,0.04,1.06,0.03,0.72,0.12
70,ASP,0.25,0.00,0.31,0.01,0.38,0.02,0.44,0.06
71,VAL,0.04,0.01,0.02,0.00,0.03,0.00,0.06,0.01
72,ASP,0.91,0.01,1.06,0.03,1.08,0.02,0.69,0.04
73,ALA,0.11,0.01,0.23,0.06,0.27,0.03,0.36,0.06
74,ALA,0.13,0.00,0.01,0.00,0.02,0.00,0.00,0.00
75,VAL,0.13,0.04,0.05,0.01,0.10,0.02,0.07,0.00
76,ARG,1.06,0.06,1.23,0.03,1.32,0.03,1.39,0.08
77,GLY,0.05,0.01,0.13,0.02,0.16,0.01,0.05,0.00
78,ILE,0.03,0.00,0.03,0.00,0.03,0.00,0.00,0.00
79,LEU,0.07,0.01,0.03,0.01,0.05,0.01,0.05,0.02
80,ARG,1.05,0.05,0.84,0.10,0.95,0.11,1.28,0.14
81,ASN,0.13,0.00,0.15,0.02,0.23,0.02,0.11,0.01
82,ALA,0.12,0.01,0.11,0.03,0.11,0.03,0.09,0.00
83,LYS,0.86,0.04,0.84,0.01,1.10,0.00,0.73,0.03
84,LEU,0.00,0.00,0.05,0.00,0.05,0.00,0.00,0.00
85,LYS,0.24,0.02,0.32,0.03,0.42,0.08,0.23,0.00
86,PRO,0.07,0.04,0.07,0.00,0.09,0.02,0.08,0.01
87,VAL,0.01,0.01,0.01,0.00,0.01,0.00,0.00,0.00
88,TYR,0.08,0.00,0.08,0.01,0.13,0.03,0.07,0.00
89,ASP,0.23,0.01,0.23,0.02,0.25,0.01,0.21,0.03
90,SER,0.14,0.01,0.10,0.00,0.11,0.01,0.16,0.00
91,LEU,0.02,0.00,0.06,0.00,0.07,0.02,0.06,0.01
92,ASP,0.12,0.01,0.43,0.02,0.54,0.01,0.32,0.04
93,ALA,0.09,0.03,0.05,0.00,0.08,0.01,0.14,0.00
94,VAL,0.10,0.02,0.07,0.02,0.07,0.01,0.13,0.02
95,ARG,0.18,0.02,0.19,0.02,0.24,0.02,0.29,0.02
96,ARG,0.27,0.03,0.12,0.01,0.18,0.00,0.24,0.01
97,ALA,0.00,0.00,0.00,0.00,0.00,0.00,0.01,0.00
98,ALA,0.00,0.00,0.01,0.00,0.01,0.01,0.00,0.00
99,LEU,0.02,0.00,0.05,0.00,0.07,0.00,0.00,0.00
100,ILE,0.10,0.02,0.01,0.00,0.01,0.00,0.01,0.00
101,ASN,0.03,0.00,0.07,0.02,0.05,0.00,0.05,0.01
102,MET,0.39,0.06,0.13,0.00,0.14,0.00,0.27,0.03
103,VAL,0.10,0.00,0.08,0.01,0.11,0.00,0.00,0.00
104,PHE,0.17,0.00,0.21,0.03,0.28,0.01,0.16,0.01
105,GLN,0.44,0.00,0.20,0.01,0.22,0.01,0.74,0.08
106,MET,0.21,0.01,0.09,0.01,0.12,0.03,0.20,0.03
107,GLY,0.10,0.01,0.10,0.02,0.13,0.02,0.06,0.01
108,GLU,0.43,0.02,0.63,0.00,0.71,0.00,0.38,0.05
109,THR,0.17,0.02,0.14,0.01,0.21,0.05,0.18,0.01
110,GLY,0.03,0.00,0.06,0.01,0.08,0.02,0.07,0.00
111,VAL,0.04,0.01,0.03,0.00,0.03,0.00,0.01,0.00
112,ALA,0.02,0.00,0.01,0.00,0.02,0.01,0.01,0.00
113,GLY,0.05,0.00,0.02,0.00,0.04,0.02,0.04,0.00
114,PHE,0.39,0.02,0.16,0.01,0.20,0.01,0.29,0.01
115,THR,0.23,0.05,0.13,0.00,0.26,0.03,0.15,0.00
116,ASN,0.32,0.02,0.21,0.00,0.38,0.06,0.22,0.04
117,SER,0.08,0.00,0.03,0.00,0.03,0.00,0.06,0.01
118,LEU,0.29,0.07,0.08,0.02,0.14,0.02,0.14,0.02
119,ARG,1.25,0.14,0.96,0.08,1.10,0.10,1.32,0.04
120,MET,0.05,0.01,0.03,0.00,0.06,0.00,0.04,0.00
121,LEU,0.31,0.01,0.09,0.03,0.10,0.00,0.15,0.02
122,GLN,0.25,0.02,0.14,0.02,0.16,0.04,0.23,0.05
123,GLN,0.16,0.00,0.14,0.03,0.16,0.04,0.09,0.02
124,LYS,0.76,0.01,0.93,0.06,1.03,0.02,0.83,0.02
125,ARG,0.85,0.09,0.49,0.01,0.66,0.02,0.83,0.04
126,TRP,0.38,0.07,0.44,0.04,0.51,0.04,0.65,0.05
127,ASP,0.52,0.03,0.67,0.05,0.80,0.02,0.52,0.00
128,GLU,0.32,0.03,0.32,0.02,0.46,0.07,0.22,0.01
129,ALA,0.00,0.00,0.00,0.00,0.00,0.00,0.00,0.00
130,ALA,0.01,0.00,0.00,0.00,0.00,0.00,0.00,0.00
131,VAL,0.23,0.02,0.13,0.02,0.20,0.01,0.27,0.03
132,ASN,0.10,0.01,0.06,0.00,0.08,0.01,0.20,0.02
133,LEU,0.22,0.05,0.03,0.00,0.03,0.00,0.14,0.01
134,ALA,0.07,0.01,0.02,0.00,0.03,0.01,0.07,0.00
135,LYS,0.84,0.18,0.70,0.13,0.77,0.05,0.86,0.07
136,SER,0.07,0.01,0.06,0.00,0.07,0.00,0.05,0.01
137,ARG,0.73,0.03,0.79,0.10,1.04,0.06,0.97,0.04
138,TRP,0.20,0.04,0.11,0.01,0.14,0.01,0.20,0.01
139,TYR,0.14,0.04,0.09,0.00,0.16,0.01,0.14,0.04
140,ASN,0.27,0.01,0.25,0.01,0.34,0.03,0.18,0.01
141,GLN,0.62,0.06,0.62,0.03,0.89,0.03,0.37,0.02
142,THR,0.10,0.00,0.15,0.01,0.19,0.02,0.07,0.00
143,PRO,0.09,0.02,0.10,0.01,0.17,0.06,0.06,0.02
144,ASN,0.17,0.02,0.24,0.01,0.32,0.02,0.22,0.02
145,ARG,0.21,0.02,0.54,0.03,0.69,0.07,0.38,0.01
146,ALA,0.00,0.00,0.00,0.00,0.00,0.00,0.00,0.00
147,LYS,0.78,0.04,0.93,0.03,0.97,0.01,1.10,0.06
148,ARG,0.25,0.04,0.48,0.00,0.63,0.06,0.32,0.02
149,VAL,0.03,0.00,0.15,0.01,0.16,0.01,0.03,0.00
150,ILE,0.04,0.00,0.00,0.00,0.00,0.00,0.01,0.00
151,THR,0.06,0.01,0.05,0.00,0.10,0.01,0.05,0.01
152,THR,0.03,0.00,0.04,0.01,0.03,0.00,0.12,0.00
153,PHE,0.03,0.00,0.00,0.00,0.02,0.00,0.03,0.00
154,ARG,0.97,0.06,0.99,0.06,1.11,0.10,0.97,0.08
155,THR,0.25,0.01,0.19,0.01,0.31,0.08,0.15,0.06
156,GLY,0.03,0.01,0.02,0.01,0.03,0.01,0.07,0.00
157,THR,0.48,0.04,0.49,0.06,0.59,0.01,0.32,0.03
158,TRP,0.32,0.03,0.20,0.02,0.24,0.03,0.40,0.04
159,ASP,0.69,0.05,0.88,0.09,1.10,0.03,0.35,0.02
160,ALA,0.20,0.05,0.10,0.04,0.17,0.07,0.10,0.02
161,TYR,0.02,0.00,0.07,0.01,0.09,0.01,0.07,0.00
162,LYS,1.33,0.13,1.19,0.04,1.68,0.18,1.30,0.08
163,ASN,0.48,0.04,0.34,0.04,0.44,0.03,0.42,0.02
164,LEU,1.99,0.12,1.43,0.05,1.81,0.05,1.76,0.09
