resid,resn,TIP3P,std_TIP3p,TIP4P,std_TIP4p,TIP4P-Ew,std_TIP4pew,TIP5P,std_TIP5p
1,MET,1.51,0.12,1.62,0.05,2.11,0.08,1.9,0.09
2,GLU,2.5,0.2,1.23,0.06,1.14,0.01,1.59,0.09
3,TRP,0.42,0.04,0.47,0.01,0.75,0.03,0.51,0.03
4,LEU,0.03,0,0.35,0.02,0.38,0.01,0.22,0.01
5,TRP,0.39,0.04,0.49,0.02,0.64,0.01,0.5,0.05
6,LEU,0.05,0,0.09,0.01,0.11,0.02,0.08,0.01
7,PHE,0.13,0,0.26,0.04,0.34,0.01,0.2,0.02
8,PHE,0.14,0,0.11,0.02,0.14,0.02,0.17,0.01
9,LEU,0.21,0.03,0.1,0.02,0.14,0.01,0.22,0.02
10,HSD,0.21,0.02,0.2,0,0.45,0.01,0.26,0.04
11,PRO,0,0,0,0,0,0,0.01,0
12,ILE,0.15,0.02,0.12,0.02,0.16,0.01,0.27,0.02
13,SER,0.04,0.01,0.04,0.01,0.03,0,0.04,0
14,PHE,0.11,0,0.17,0.05,0.21,0.01,0.08,0.01
15,TYR,0.16,0.02,0.26,0.02,0.25,0.03,0.06,0.01
16,GLN,0.03,0,0.02,0,0.04,0.01,0.03,0
17,GLY,0,0,0.01,0,0.02,0,0,0
18,ALA,0.05,0,0.07,0,0.07,0,0.01,0
19,ALA,0,0,0.01,0,0.01,0,0.01,0
20,PHE,0.08,0.02,0.06,0.01,0.08,0.02,0.06,0.03
21,PRO,0.04,0.01,0.02,0,0.02,0,0.02,0
22,PHE,0,0,0.01,0,0.01,0,0.01,0
23,ALA,0,0,0.01,0,0.02,0,0.02,0.01
24,LEU,0.01,0,0.03,0,0.02,0,0.01,0
25,LEU,0.02,0,0.01,0,0.01,0,0.02,0
26,PHE,0.02,0,0.01,0,0.01,0.01,0.02,0
27,ASN,0.03,0,0.07,0.01,0.07,0,0.02,0
28,TYR,0.03,0,0.02,0,0.02,0,0.04,0.01
29,LEU,0.01,0,0,0,0,0,0.01,0
30,CYS,0.15,0.02,0.09,0.01,0.12,0.02,0.16,0.01
31,ILE,0.33,0.01,0.33,0.06,0.44,0.08,0.39,0.07
32,MET,0.06,0.01,0.09,0.01,0.11,0.01,0.07,0
33,ASP,0.31,0.01,0.41,0.04,0.5,0.03,0.25,0.01
34,SER,0.23,0,0.17,0.03,0.33,0.07,0.14,0.06
35,PHE,0.53,0.06,0.45,0.03,0.47,0.04,0.42,0.04
36,SER,0.21,0.01,0.3,0.02,0.3,0.02,0.32,0.01
37,THR,0.24,0.03,0.29,0.03,0.38,0.02,0.33,0.03
38,ARG,0.79,0.06,0.67,0.01,0.79,0.05,0.89,0.09
39,ALA,0.11,0.02,0.12,0,0.11,0,0.08,0
40,ARG,0.77,0.11,0.7,0.05,1.03,0.05,1.03,0.09
41,TYR,0.21,0.01,0.21,0.01,0.26,0.03,0.39,0.02
42,LEU,0.08,0.01,0.05,0.02,0.06,0,0.07,0
43,PHE,0.03,0.01,0.02,0.01,0.02,0,0.05,0.01
44,LEU,0.14,0.01,0.11,0.01,0.1,0.03,0.17,0.02
45,LEU,0.01,0,0,0,0,0,0,0
46,THR,0.04,0,0.03,0.01,0.02,0.01,0.01,0
47,GLY,0,0,0,0,0,0,0,0
48,GLY,0,0,0.03,0.01,0.02,0,0,0
49,GLY,0.01,0,0.02,0,0.01,0,0.01,0
50,ALA,0,0,0,0,0,0,0,0
51,LEU,0.03,0.01,0.01,0.01,0.02,0.01,0,0
52,ALA,0,0,0.05,0,0.05,0,0,0
53,VAL,0.06,0,0.08,0,0.06,0,0.04,0
54,ALA,0.14,0.02,0.11,0.02,0.12,0,0.01,0
55,ALA,0.19,0.02,0.11,0.01,0.16,0.02,0.04,0
56,MET,0.04,0.01,0.02,0,0.02,0.01,0.03,0
57,GLY,0.03,0,0.06,0,0.04,0.01,0.05,0.01
58,SER,0.24,0.01,0.19,0.01,0.24,0.03,0.19,0.01
59,TYR,0.12,0.01,0.13,0.01,0.18,0.02,0.22,0
60,ALA,0.05,0,0.1,0,0.13,0.02,0.11,0
61,VAL,0.05,0,0.05,0,0.06,0,0.06,0.01
62,LEU,0.08,0.02,0.07,0.01,0.07,0.01,0.07,0.01
63,VAL,0.01,0,0,0,0,0,0,0
64,PHE,0.02,0,0.02,0,0.03,0,0.02,0
65,THR,0.01,0,0.02,0,0.02,0,0.02,0
66,PRO,0.02,0,0.03,0.01,0.04,0.02,0.02,0
67,ALA,0,0,0.02,0,0.02,0,0.01,0
68,VAL,0.01,0,0.01,0,0.01,0,0.01,0
69,CYS,0,0,0,0,0,0,0,0
70,ALA,0.07,0.01,0.12,0.02,0.13,0,0,0
71,VAL,0,0,0.25,0.03,0.28,0.02,0.04,0
72,ALA,0.01,0,0.01,0,0.01,0,0.01,0
73,LEU,0.05,0,0.09,0.01,0.09,0,0.02,0
74,LEU,0.08,0.02,0.27,0.02,0.25,0.03,0.09,0.02
75,CYS,0,0,0.03,0,0.03,0,0.02,0
76,SER,0.01,0,0.01,0,0.01,0,0.01,0
77,LEU,0.03,0,0.13,0,0.18,0.02,0.01,0
78,ALA,0.02,0,0.04,0,0.03,0,0.01,0
79,PRO,0.06,0,0.18,0.02,0.13,0,0.16,0.01
80,GLN,0.64,0.12,0.75,0.05,0.91,0.06,0.96,0.03
81,GLN,0.42,0.03,0.39,0.04,0.45,0.04,0.46,0.1
82,VAL,0.19,0.03,0.14,0.01,0.19,0.03,0.25,0.02
83,HSD,0.61,0.06,0.78,0.1,1.11,0.03,1.35,0.09
84,ARG,1.23,0.03,1.12,0.07,1.55,0.08,1.83,0.07
85,TRP,0.05,0,0.11,0.04,0.09,0.02,0.04,0
86,THR,0.01,0,0.02,0,0.03,0,0.01,0
87,PHE,0.09,0.02,0.1,0.01,0.11,0,0.16,0.01
88,CYS,0.03,0.02,0.03,0,0.01,0.01,0.03,0
89,PHE,0.02,0,0,0,0,0,0.01,0
90,GLN,0.05,0,0.17,0,0.14,0.01,0.11,0
91,MET,0.03,0,0.02,0.01,0.02,0.01,0.08,0.01
92,SER,0.03,0,0.02,0,0.02,0.01,0.03,0.01
93,TRP,0.05,0,0.05,0,0.06,0,0.05,0
94,GLN,0,0,0.05,0,0.05,0,0.05,0.01
95,THR,0.06,0.02,0.04,0.01,0.05,0.02,0.03,0
96,LEU,0.03,0,0.03,0,0.05,0.01,0.04,0
97,CYS,0.06,0.01,0.02,0,0.02,0,0.04,0
98,HSD,0.23,0.02,0.2,0,0.21,0.03,0.19,0.02
99,LEU,0.06,0,0.03,0.01,0.03,0,0.01,0
100,GLY,0.02,0,0.01,0,0.02,0,0.01,0
101,LEU,0.13,0.01,0.12,0.03,0.19,0,0.15,0.03
102,HSD,0.44,0,0.42,0.07,0.43,0.06,0.39,0.05
103,TYR,0.12,0.01,0.08,0.02,0.09,0.02,0.17,0.02
104,THR,0.01,0,0.03,0.02,0.02,0.01,0.01,0
105,GLU,0.84,0.08,0.76,0.04,0.79,0.06,0.59,0.05
106,TYR,0.2,0.03,0.17,0.04,0.19,0.02,0.2,0
107,TYR,0.21,0.01,0.11,0.01,0.09,0.02,0.09,0.01
108,LEU,0.28,0.04,0.43,0.01,0.39,0.02,0.45,0.03
109,HSD,0.56,0.03,0.39,0.03,0.48,0.05,0.54,0.07
110,GLU,1.38,0.03,2.02,0.08,2.28,0.1,1.32,0.08
111,PRO,0.02,0,0.06,0.02,0.1,0.01,0,0
112,PRO,0.2,0,0.2,0.05,0.21,0.01,0.26,0
113,SER,0.21,0.04,0.25,0.06,0.3,0.02,0.36,0.03
114,VAL,0.39,0.05,0.34,0.05,0.51,0.01,0.53,0.05
115,ARG,0.75,0.03,0.77,0.07,0.97,0.07,0.83,0.08
116,PHE,0.02,0,0.02,0,0.02,0,0.08,0.02
117,CYS,0,0,0.02,0,0.04,0.01,0,0
118,ILE,0.02,0,0.1,0,0.12,0.02,0.15,0
119,THR,0.06,0.02,0.1,0,0.09,0.02,0.05,0
120,LEU,0.04,0.01,0.09,0.02,0.09,0.01,0.04,0
121,SER,0.02,0.01,0.03,0,0.03,0,0.04,0
122,SER,0,0,0,0,0,0,0.01,0
123,LEU,0.06,0.01,0.05,0,0.04,0,0.03,0
124,MET,0.01,0,0.06,0.01,0.04,0,0.05,0
125,LEU,0.07,0.01,0.02,0,0.03,0.01,0.12,0.06
126,LEU,0.01,0,0.02,0.01,0.02,0.01,0.01,0
127,THR,0.03,0,0.02,0,0.01,0,0.01,0
128,GLN,0.3,0.04,0.27,0.03,0.48,0.04,0.2,0.02
129,ARG,0.63,0.02,0.37,0.02,0.34,0.04,0.51,0.01
130,VAL,0.01,0,0.16,0.03,0.16,0.02,0.05,0.01
131,THR,0.17,0.01,0.2,0.02,0.18,0.02,0.14,0.02
132,SER,0.18,0.03,0.09,0.01,0.15,0.02,0.15,0.02
133,LEU,0.39,0.02,0.18,0,0.23,0.06,0.4,0.01
134,SER,0.02,0,0.03,0.01,0.02,0.01,0.1,0.01
135,LEU,0.29,0.01,0.19,0.02,0.28,0.07,0.18,0.01
136,ASP,0.25,0,0.13,0,0.14,0,0.25,0.03
137,ILE,0.06,0.01,0.19,0.03,0.21,0.04,0.16,0.01
138,CYS,0.15,0.02,0.13,0,0.13,0.02,0.23,0.03
139,GLU,0.86,0.09,0.49,0.01,0.48,0.02,1.11,0.13
140,GLY,0.15,0.02,0.22,0.01,0.25,0.03,0.3,0.01
141,LYS,1.03,0.07,0.03,0,0.14,0,1.31,0.05
142,VAL,0.05,0,0,0,0,0,0.04,0
143,LYS,1.2,0.07,0.77,0.01,1.12,0.01,1.54,0.05
144,ALA,0.02,0,0.02,0,0.03,0,0.04,0
145,ALA,0.11,0.01,0.12,0.01,0.13,0.03,0.2,0.03
146,SER,0.11,0.01,0.02,0,0.03,0,0.08,0.01
147,GLY,0.01,0,0.05,0,0.05,0,0.04,0
148,GLY,0.22,0.03,0.46,0.04,0.45,0.08,0.36,0.01
149,PHE,0.66,0,1.09,0.13,1.37,0.07,1.17,0.16
150,ARG,1.16,0.02,1.04,0.05,1.43,0.14,1.41,0.1
151,SER,0.11,0,0.1,0.01,0.13,0,0.1,0.01
152,ARG,0.59,0.06,0.38,0.05,0.52,0.01,0.69,0.06
153,SER,0.16,0.01,0.21,0.02,0.3,0.04,0,0
154,SER,0.07,0.01,0.02,0,0.03,0,0.08,0.01
155,LEU,0.15,0.01,0.11,0.03,0.16,0.02,0.12,0.01
156,SER,0,0,0,0,0,0,0.01,0
157,GLU,0.94,0.05,0.4,0.01,0.48,0.04,0.63,0.05
158,HSD,0.47,0.01,0.53,0.03,0.7,0.08,0.47,0.04
159,VAL,0.06,0.02,0.06,0,0.06,0,0.04,0.01
160,CYS,0.19,0.02,0.14,0.02,0.18,0.03,0.11,0.03
161,LYS,1.62,0.04,1.9,0.15,2.19,0.06,2.07,0.13
162,ALA,0.12,0.01,0.07,0.01,0.07,0.02,0.12,0
163,LEU,0.15,0,0.1,0.01,0.16,0.04,0.07,0
164,PRO,0.04,0.01,0.02,0,0.01,0,0.05,0.02
165,TYR,0.05,0,0.07,0.02,0.06,0,0.03,0
166,PHE,0.04,0,0.03,0,0.03,0,0.03,0
167,SER,0.02,0,0.01,0,0,0,0.01,0
168,TYR,0.09,0.01,0.28,0.05,0.25,0.01,0.17,0.02
169,LEU,0,0,0.03,0,0.03,0,0.03,0
170,LEU,0,0,0.04,0,0.04,0,0.01,0
171,PHE,0.22,0.06,0.14,0.01,0.16,0.01,0.25,0.01
172,PHE,0.25,0.02,0.24,0.05,0.35,0.03,0.64,0.02
173,PRO,0,0,0,0,0,0,0,0
174,ALA,0.13,0,0.03,0,0.03,0,0.12,0
175,LEU,0.34,0.02,0.18,0.02,0.19,0.01,0.12,0
176,LEU,0.48,0.13,0.27,0.03,0.29,0.02,0.73,0.08
177,GLY,0.16,0.01,0.1,0,0.09,0,0.2,0.02
178,GLY,0.5,0.02,0.13,0,0.14,0,0.62,0.05
179,SER,0.69,0.04,0.29,0,0.53,0.02,0.44,0.02
180,LEU,0.44,0.02,0.72,0.06,0.8,0.06,0.44,0.03
181,CYS,0.23,0.02,0.38,0.03,0.42,0.03,0.22,0.01
182,SER,0.34,0.02,0.32,0.02,0.39,0.02,0.3,0.03
183,PHE,0.17,0.01,0.1,0.01,0.07,0.02,0.24,0.02
184,GLN,0.13,0,0.18,0.02,0.24,0.04,0.17,0.02
185,ARG,0.35,0.03,0.55,0.08,0.73,0.03,0.33,0.02
186,PHE,0.07,0,0.09,0.01,0.07,0.01,0.09,0.02
187,GLN,0.05,0,0.03,0.01,0.03,0,0.05,0
188,ALA,0.05,0.01,0.11,0.02,0.11,0.01,0.02,0
189,ARG,0.15,0.04,0.03,0,0.03,0,0.09,0
190,VAL,0.21,0.01,0.03,0,0.03,0,0.19,0
191,GLN,0.74,0,0.64,0.03,0.7,0.06,0.66,0.02
192,GLY,0.14,0.01,0.1,0.01,0.14,0,0.2,0.04
193,SER,0.49,0.05,0.26,0,0.28,0.03,0.49,0.04
194,SER,0.37,0.02,0.3,0.01,0.36,0.04,0.07,0
195,ALA,0.31,0.02,0.11,0.01,0.22,0,0.23,0.06
196,LEU,0.68,0.09,0.63,0.04,0.7,0.08,0.73,0.05
197,HSD,0.82,0.1,0.99,0.06,1.35,0.11,0.83,0.06
198,PRO,0.47,0.07,0.37,0.07,0.52,0.05,0.3,0.02
199,ARG,1.65,0.07,2.43,0.04,2.56,0.34,3.22,0.15
200,HSD,0.33,0.08,0.45,0.09,0.55,0,0.54,0.02
201,SER,0.04,0.01,0.04,0.01,0.03,0.01,0.03,0
202,PHE,0.08,0.01,0.16,0.02,0.12,0.02,0.15,0
203,TRP,0.29,0.01,0.22,0.04,0.16,0.02,0.31,0.06
204,ALA,0.08,0.02,0.04,0.02,0.02,0.01,0.1,0.02
205,LEU,0.01,0,0.02,0,0.02,0,0.02,0
206,SER,0.02,0,0.02,0.01,0.02,0,0.02,0
207,TRP,0.83,0.09,0.56,0.03,0.64,0.03,0.78,0.04
208,ARG,0.45,0.02,0.41,0.06,0.47,0.04,0.53,0.04
209,GLY,0,0,0.01,0,0.01,0,0.01,0
210,LEU,0.05,0.01,0.02,0,0.02,0.01,0.03,0
211,GLN,0.1,0.02,0.08,0,0.1,0.01,0.1,0.02
212,ILE,0,0,0.04,0.02,0.02,0,0.02,0.01
213,LEU,0.02,0,0.02,0.01,0.02,0,0.01,0
214,GLY,0,0,0.01,0,0.03,0,0.03,0.01
215,LEU,0.05,0,0.1,0.02,0.11,0.03,0.06,0.01
216,GLU,0.54,0.03,0.51,0.03,0.59,0.03,0.42,0.01
217,CYS,0.01,0,0.04,0.01,0.03,0.01,0.02,0.01
218,LEU,0.12,0.03,0.08,0,0.12,0.02,0.08,0.01
219,ASN,0.13,0.02,0.29,0.02,0.35,0.07,0.2,0.03
220,VAL,0.17,0.01,0.15,0.01,0.21,0.04,0.25,0.04
221,ALA,0.05,0.01,0.04,0,0.05,0.01,0.03,0
222,VAL,0.02,0,0.04,0.01,0.06,0,0.03,0
223,SER,0.02,0.01,0.04,0,0.06,0.02,0.03,0.01
224,ARG,0.58,0.07,0.67,0.07,0.83,0.04,0.92,0.11
225,VAL,0.05,0.01,0.03,0.01,0.08,0.02,0.08,0.01
226,VAL,0.03,0,0.07,0.01,0.08,0.02,0.08,0.02
227,ASP,0.71,0.04,1.12,0.1,1.35,0.02,1.19,0.04
228,ALA,0.25,0.01,0.39,0.02,0.49,0.04,0.36,0.01
229,GLY,0.07,0.01,0.07,0.02,0.09,0.02,0.09,0.02
230,ALA,0.13,0.01,0.13,0.01,0.11,0.02,0.13,0.03
231,GLY,0.19,0.02,0.1,0,0.18,0,0.14,0.02
232,LEU,0.46,0.05,0.8,0.06,0.98,0.07,0.65,0.05
233,THR,0.59,0.03,0.42,0.05,0.37,0.06,0.35,0.04
234,ASP,1.87,0.21,1.45,0.14,1.73,0,0.97,0.06
235,CYS,0.13,0.02,0.17,0.02,0.15,0.02,0.12,0
236,GLN,0.23,0.02,0.26,0.01,0.36,0.05,0.25,0.01
237,GLN,0.32,0.03,0.38,0.02,0.44,0.03,0.34,0.02
238,PHE,0.24,0.03,0.3,0.01,0.37,0.02,0.3,0.04
239,GLU,0.94,0.04,1.05,0.04,1.37,0.03,0.71,0.03
240,CYS,0.12,0.01,0.11,0.02,0.18,0.04,0.16,0.01
241,ILE,0.23,0.01,0.19,0.05,0.23,0.01,0.27,0.07
242,TYR,0.48,0.03,0.5,0.04,0.62,0.08,0.44,0.04
243,VAL,0.13,0.03,0.06,0.01,0.09,0.03,0.07,0.01
244,VAL,0,0,0.07,0,0.06,0.01,0.01,0
245,TRP,0.41,0.02,0.34,0.04,0.48,0.05,0.23,0.02
246,THR,0.28,0.04,0.29,0.02,0.42,0.04,0.22,0.01
247,THR,0.07,0,0.45,0.01,0.56,0.01,0.13,0.03
248,ALA,0,0,0.13,0,0.14,0,0,0
249,GLY,0.08,0.01,0.14,0.02,0.15,0,0.19,0.03
250,LEU,0.53,0.03,0.82,0.02,0.97,0.14,0.77,0.07
251,PHE,0.03,0,0.23,0.01,0.32,0.02,0.18,0.02
252,LYS,1.09,0.02,0.98,0.09,1.33,0.05,1.19,0.08
253,LEU,0.3,0.04,0.19,0.02,0.23,0.01,0.16,0.03
254,THR,0.07,0.01,0.13,0,0.18,0.01,0.12,0.01
255,TYR,0.17,0.01,0.25,0.04,0.24,0.03,0.25,0.01
256,TYR,0.12,0.02,0.32,0.04,0.36,0.01,0.2,0.03
257,SER,0,0,0.04,0.01,0.03,0.01,0.04,0
258,HSD,0.55,0.02,0.75,0.03,0.93,0.02,0.56,0.02
259,TRP,0.24,0,0.4,0.01,0.41,0.02,0.14,0.01
260,ILE,0,0,0,0,0.01,0,0.03,0
261,LEU,0.19,0.02,0.18,0.01,0.19,0.05,0.23,0.09
262,ASP,0.62,0.05,0.68,0.02,0.72,0.04,0.72,0.02
263,ASP,0.03,0,0.07,0,0.07,0,0.07,0
264,SER,0.07,0.01,0.1,0.01,0.14,0.01,0.1,0.02
265,LEU,0.34,0.01,0.44,0.1,0.54,0.01,0.29,0.01
266,LEU,0.28,0.02,0.44,0.07,0.53,0.02,0.44,0.02
267,HSD,0.26,0.01,0.37,0.02,0.4,0.01,0.41,0.02
268,ALA,0.01,0,0.01,0,0.02,0,0.04,0.01
269,ALA,0.13,0.02,0.1,0,0.09,0.02,0.18,0.01
270,GLY,0.12,0.02,0.02,0,0.02,0,0.16,0
271,PHE,0.32,0.02,0.21,0.03,0.25,0.01,0.35,0.07
272,GLY,0.25,0.01,0.21,0.01,0.28,0.01,0.47,0.03
273,PRO,0.57,0.07,0.14,0.02,0.21,0,0.34,0.05
274,GLU,0.9,0.05,0.38,0.01,0.4,0.01,0.65,0.08
275,LEU,0.28,0.03,0.35,0.02,0.35,0.07,0.24,0.05
276,GLY,0.09,0.01,0.11,0,0.09,0.01,0.15,0
277,GLN,0.92,0.02,0.7,0.01,0.85,0.03,0.61,0.06
278,SER,0.02,0,0.03,0,0.03,0,0.12,0.02
279,PRO,0.1,0.01,0.13,0.01,0.15,0.02,0.19,0.03
280,GLY,0.01,0,0.07,0.01,0.1,0.02,0.15,0.01
281,GLU,2.28,0.02,2.21,0.11,2.48,0.03,1.35,0.12
282,GLU,3.23,0.1,2.32,0.14,3.06,0.07,2.16,0.08
283,GLY,0.33,0.02,0.08,0.01,0.1,0.02,0.21,0.05
284,TYR,1.27,0.02,0.86,0.16,1.37,0.08,1.91,0.08
285,VAL,0.15,0,0.06,0,0.02,0.01,0.17,0.02
286,PRO,0.11,0,0.11,0.01,0.13,0.03,0.17,0.02
287,ASP,0.4,0.04,0.35,0.03,0.46,0.02,0.31,0.01
288,ALA,0.12,0.02,0.1,0.01,0.15,0.02,0.17,0.02
289,ASP,0.85,0.02,0.6,0.02,0.68,0.02,0.73,0.01
290,ILE,0.38,0.02,0.32,0.01,0.51,0.15,0.42,0.09
291,TRP,1.32,0.17,0.93,0.06,1.08,0.04,0.48,0.01
292,THR,0.23,0.01,0.19,0.02,0.23,0.04,0.18,0.02
293,LEU,0.27,0.07,0.31,0.04,0.25,0.04,0.47,0.1
294,GLU,1.31,0.05,2.13,0.09,2.43,0.13,1.92,0.14
295,ARG,1.18,0.09,0.99,0.03,1.27,0.15,1.27,0.11
296,THR,1,0.12,0.89,0.12,1.07,0.03,0.76,0.08
297,HSD,1.37,0.06,1.36,0.14,1.55,0.09,1.39,0.13
298,ARG,1.69,0.07,1.42,0.07,1.68,0.18,2.02,0.25
299,ILE,1.05,0.02,0.84,0.1,1.07,0.03,1.17,0.09
300,SER,0.27,0.01,0.22,0.01,0.24,0,0.36,0.06
301,VAL,0.02,0,0.08,0.03,0.12,0.03,0.08,0
302,PHE,0.23,0.04,0.31,0.06,0.32,0.05,0.23,0.02
303,SER,0.28,0.02,0.43,0,0.49,0.01,0.94,0.05
304,ARG,1.28,0.06,1.1,0.09,1.25,0.11,0.65,0.01
305,LYS,0.41,0.08,0.68,0.06,0.63,0.02,0.33,0.03
306,TRP,0.13,0.02,0.28,0.02,0.38,0.02,0.17,0.04
307,ASN,0.11,0.02,0.21,0.03,0.36,0.03,0.18,0.01
308,GLN,0.83,0.04,0.69,0.01,0.75,0.04,0.41,0
309,SER,0.37,0.03,0.23,0.01,0.22,0.03,0.09,0
310,THR,0.52,0.02,0.46,0.02,0.55,0.06,0.24,0.02
311,ALA,0.21,0.01,0.12,0.01,0.12,0.01,0.36,0.03
312,ARG,0.5,0.04,0.53,0.03,0.59,0.11,1.07,0.07
313,TRP,0.87,0.06,0.13,0,0.14,0,0.67,0.03
314,LEU,0.05,0,0,0,0,0,0.18,0.03
315,ARG,1.53,0.19,1.24,0.07,1.55,0.18,1.66,0.11
316,ARG,1.34,0.05,1.38,0.02,1.46,0.07,1.41,0.06
317,LEU,0.18,0.01,0.16,0.01,0.18,0.01,0.24,0.02
318,VAL,0.02,0,0.19,0.02,0.27,0.06,0.23,0
319,PHE,0.46,0.09,0.53,0.1,0.62,0.07,0.55,0.06
320,GLN,0.32,0.02,0.61,0.02,0.88,0.04,0.55,0.06
321,HSD,0.35,0.04,0.25,0,0.22,0.02,0.38,0.07
322,SER,0.2,0.03,0.11,0.01,0.15,0,0.17,0
323,ARG,0.99,0.11,0.77,0.01,0.91,0.08,1.01,0.02
324,ALA,0.08,0.01,0.04,0,0.03,0,0.02,0
325,TRP,0.33,0.04,0.26,0.03,0.3,0.01,0.29,0.01
326,PRO,0.05,0,0.06,0,0.06,0.01,0,0
327,LEU,0.07,0.02,0.06,0.01,0.09,0.01,0.07,0.01
328,LEU,0.06,0.01,0.02,0,0.04,0,0.07,0
329,GLN,0.27,0.01,0.29,0.01,0.48,0.04,0.2,0.03
330,THR,0.14,0.01,0.05,0,0.09,0,0.1,0.03
331,PHE,0.03,0,0.03,0,0.05,0.02,0.05,0.01
332,ALA,0.04,0,0.01,0,0.02,0,0.05,0.02
333,PHE,0.09,0.02,0.07,0,0.11,0.04,0.06,0.01
334,SER,0.02,0,0.02,0,0.02,0,0,0
335,ALA,0.02,0,0.01,0,0.01,0,0.01,0
336,TRP,0.43,0.03,0.41,0.07,0.45,0.05,0.38,0.06
337,TRP,0.48,0.05,0.34,0.01,0.42,0.02,0.36,0.05
338,HSD,0.49,0.02,0.62,0.03,0.76,0.12,0.29,0.01
339,GLY,0.24,0.04,0.3,0.04,0.45,0.05,0.31,0.03
340,LEU,0.45,0.01,0.22,0.05,0.37,0.08,0.34,0.02
341,HSD,0.35,0.01,0.2,0.02,0.25,0.02,0.29,0.01
342,PRO,0.03,0.01,0,0,0.01,0,0.02,0
343,GLY,0,0,0,0,0,0,0.01,0
344,GLN,0.11,0,0.15,0.02,0.2,0.02,0.15,0
345,VAL,0.08,0.01,0.06,0.02,0.1,0.03,0.05,0
346,PHE,0,0,0.13,0,0.17,0.02,0.1,0
347,GLY,0,0,0.11,0.04,0.11,0.02,0.06,0
348,PHE,0.07,0.03,0.03,0.01,0.03,0,0.05,0.01
349,VAL,0.01,0,0.01,0,0.03,0.01,0.08,0.01
350,CYS,0,0,0.04,0.01,0.04,0.02,0.09,0.02
351,TRP,0.2,0.01,0.2,0.02,0.18,0.03,0.19,0.01
352,ALA,0,0,0.01,0,0.02,0.01,0,0
353,VAL,0.04,0.01,0.01,0,0.01,0,0.04,0
354,MET,0.03,0,0.02,0,0.02,0,0.01,0
355,VAL,0.05,0.02,0.06,0,0.07,0.02,0.07,0.01
356,GLU,0.6,0.05,0.66,0.04,0.84,0.04,0.51,0.03
357,ALA,0.01,0,0.01,0,0.01,0,0.01,0
358,ASP,0.7,0.01,1.29,0.11,1.3,0.01,0.81,0.05
359,TYR,1.13,0.03,0.86,0.07,1.23,0.12,0.9,0.06
360,LEU,0.04,0.01,0.06,0,0.07,0,0.03,0
361,ILE,0.07,0.01,0.06,0.01,0.05,0.01,0.07,0
362,HSD,1.13,0.01,0.82,0.07,1.18,0.07,0.42,0.06
363,SER,0.13,0.02,0.08,0.01,0.18,0,0.06,0
364,PHE,0.27,0.04,0.15,0.04,0.16,0,0.16,0.04
365,ALA,0.12,0,0.1,0.02,0.07,0.01,0.03,0
366,ASN,0.4,0.06,0.51,0.02,0.73,0.07,0.11,0.01
367,GLU,2.75,0.23,2.09,0.2,2.85,0.08,2.19,0.12
368,PHE,0.69,0.01,0.74,0.03,0.89,0.16,0.76,0.03
369,ILE,0.96,0.06,0.87,0.08,1.17,0.13,0.74,0.07
370,ARG,1.38,0.17,1.08,0.07,1.37,0.07,1.79,0.07
371,SER,0.33,0.01,0.24,0.01,0.28,0,0.26,0.03
372,TRP,0.36,0.06,0.54,0.09,0.46,0.13,0.44,0.01
373,PRO,0.21,0.02,0.11,0.01,0.13,0.02,0.15,0.01
374,MET,0.15,0.05,0.06,0,0.08,0.02,0.07,0.01
375,ARG,1.64,0.05,1.61,0.09,1.72,0.09,1.46,0.1
376,LEU,0.26,0.01,0.29,0.02,0.32,0.04,0.16,0.03
377,PHE,0.08,0.01,0.06,0.01,0.08,0.04,0.06,0
378,TYR,0.15,0.01,0.09,0,0.11,0.02,0.09,0.02
379,ARG,0.79,0.04,1.02,0.01,1.21,0,1.24,0.04
380,THR,0.17,0.01,0.12,0.01,0.14,0.02,0.13,0.02
381,LEU,0,0,0,0,0.01,0,0.02,0.01
382,THR,0.1,0.01,0.15,0.01,0.19,0.02,0.29,0
383,TRP,0.46,0.03,0.43,0.01,0.56,0.05,0.45,0.02
384,ALA,0.01,0,0.01,0,0.02,0,0.01,0
385,HSD,0.03,0,0.05,0,0.06,0,0.03,0
386,THR,0.02,0,0.03,0,0.04,0.01,0.01,0
387,GLN,0,0,0.01,0,0.01,0,0.01,0
388,LEU,0.13,0.01,0.14,0.01,0.15,0.02,0.15,0
389,ILE,0,0,0.05,0,0.04,0,0.05,0
390,ILE,0,0,0.26,0,0.22,0.03,0.02,0.02
391,ALA,0,0,0.03,0,0.03,0,0,0
392,TYR,0.08,0.01,0.21,0,0.27,0.04,0.23,0.01
393,ILE,0.12,0.02,0.39,0.02,0.48,0.04,0.38,0.02
394,MET,0.07,0.03,0.43,0.03,0.42,0.02,0.15,0.02
395,LEU,0,0,0.09,0,0.1,0.03,0,0
396,ALA,0.03,0,0.24,0,0.19,0.01,0.07,0
397,VAL,0.86,0.05,0.38,0.01,0.61,0.06,0.5,0.04
398,GLU,1.34,0,1.3,0.02,1.55,0.04,1.48,0.06
399,VAL,0.09,0.01,0.14,0.02,0.21,0.02,0.14,0.01
400,ARG,1.24,0.08,0.8,0.03,1.03,0,1.24,0.06
401,SER,0.1,0.01,0.1,0.01,0.1,0.03,0.11,0.02
402,LEU,0.11,0,0.04,0.01,0.02,0.01,0.07,0.02
403,SER,0.11,0.01,0.04,0.01,0.03,0,0.06,0.01
404,SER,0.04,0.01,0.01,0,0.02,0,0.05,0
405,LEU,0.01,0,0.03,0,0.03,0,0,0
406,TRP,0.21,0.01,0.13,0.02,0.21,0.05,0.16,0.03
407,LEU,0.03,0.01,0.04,0.01,0.05,0.01,0.05,0.01
408,LEU,0.02,0,0.12,0,0.16,0.02,0.03,0.01
409,CYS,0,0,0,0,0,0,0.01,0
410,ASN,0.04,0,0.07,0.01,0.1,0,0.08,0
411,SER,0.04,0.01,0.04,0,0.06,0.01,0.04,0
412,TYR,0.05,0,0.06,0.01,0.08,0.02,0.14,0.02
413,ASN,0.11,0.02,0.07,0.01,0.07,0.01,0.05,0
414,SER,0.02,0,0.01,0,0.02,0,0.03,0.01
415,VAL,0.05,0,0.06,0,0.05,0.01,0.04,0.01
416,PHE,0.05,0,0.05,0,0.06,0.02,0.06,0.02
417,PRO,0,0,0.03,0,0.02,0,0.02,0
418,MET,0.01,0,0.02,0,0.02,0,0.05,0
419,VAL,0.05,0,0.05,0,0.03,0.02,0.04,0.01
420,TYR,0.11,0.03,0.1,0.03,0.16,0.02,0.15,0.01
421,CYS,0.01,0,0,0,0,0,0.01,0
422,ILE,0.11,0.01,0.07,0.01,0.09,0.03,0.12,0
423,LEU,0.01,0,0.01,0,0.02,0,0.01,0
424,LEU,0.05,0.02,0.05,0,0.03,0,0.03,0.01
425,LEU,0.07,0.01,0.04,0.01,0.05,0.01,0.09,0.02
426,LEU,0.12,0.04,0.1,0.02,0.12,0.02,0.2,0.06
427,LEU,0,0,0,0,0,0,0.01,0
428,ALA,0,0,0.01,0,0.01,0,0,0
429,LYS,0.61,0.09,0.54,0.07,0.64,0.07,0.54,0.09
430,ARG,1.09,0.06,1.05,0.07,1.19,0.06,1.38,0.05
431,LYS,0.99,0.04,0.85,0.04,0.97,0.03,0.97,0.04
432,HSD,0.33,0.02,0.35,0,0.44,0.03,0.14,0.01
433,LYS,2.29,0.13,2.36,0.1,3.3,0.06,2.78,0.15
434,CYS,0.21,0.03,0.21,0.02,0.16,0,0.15,0.03
435,ASN,0.9,0.03,1.11,0.09,1.18,0.12,0.65,0.03
